timestamp,git_sha,git_dirty,script_md5,device,gpu,torch,cuda,driver,candidate,case,batch_size,seq_len,d_model,num_heads,ffn_dim,num_layers,dtype,padding_ratio,input_scale,causal,script_args,atol,rtol,passed,max_abs,max_rel,baseline_median_ms,baseline_p90_ms,optimized_median_ms,optimized_p90_ms,speedup,exit_code,notes
2026-08-30T11:12:28+00:00,4d54c39,True,21584e5923680ce0455554bd0b45bda2,cuda,NVIDIA RTX 6000 Ada Generation,2.8.0+cu128,12.8,580.126.20,passthrough,center,64,128,128,4,128,4,float32,0.0,1.0,True,--atol 0.001 --rtol 0.01,0.001,0.01,True,0,0,1.4383,1.4588,1.4372,1.4538,1.001,0,first GPU round; RTX 6000 Ada; image torch 2.8.0+cu128
2026-08-30T11:12:30+00:00,4d54c39,True,21584e5923680ce0455554bd0b45bda2,cuda,NVIDIA RTX 6000 Ada Generation,2.8.0+cu128,12.8,580.126.20,passthrough,center-bf16,64,128,128,4,128,4,bfloat16,0.0,1.0,True,--atol 0.001 --rtol 0.01,0.001,0.01,True,0,0,1.5316,1.5497,1.5337,1.5560,0.999,0,first GPU round; RTX 6000 Ada; image torch 2.8.0+cu128
2026-08-30T11:12:33+00:00,4d54c39,True,21584e5923680ce0455554bd0b45bda2,cuda,NVIDIA RTX 6000 Ada Generation,2.8.0+cu128,12.8,580.126.20,passthrough,center-fp16,64,128,128,4,128,4,float16,0.0,1.0,True,--atol 0.001 --rtol 0.01,0.001,0.01,True,0,0,1.5293,1.5587,1.5239,1.5495,1.004,0,first GPU round; RTX 6000 Ada; image torch 2.8.0+cu128
2026-08-30T11:12:36+00:00,4d54c39,True,21584e5923680ce0455554bd0b45bda2,cuda,NVIDIA RTX 6000 Ada Generation,2.8.0+cu128,12.8,580.126.20,passthrough,center-padded,64,128,128,4,128,4,float32,0.4,1.0,True,--atol 0.001 --rtol 0.01,0.001,0.01,True,0,0,1.4398,1.4623,1.4354,1.4543,1.003,0,first GPU round; RTX 6000 Ada; image torch 2.8.0+cu128
2026-08-30T11:12:38+00:00,4d54c39,True,21584e5923680ce0455554bd0b45bda2,cuda,NVIDIA RTX 6000 Ada Generation,2.8.0+cu128,12.8,580.126.20,passthrough,batch-1,1,128,128,4,128,4,float32,0.0,1.0,True,--atol 0.001 --rtol 0.01,0.001,0.01,True,0,0,1.4290,1.4488,1.4279,1.4445,1.001,0,first GPU round; RTX 6000 Ada; image torch 2.8.0+cu128
2026-08-30T11:12:41+00:00,4d54c39,True,21584e5923680ce0455554bd0b45bda2,cuda,NVIDIA RTX 6000 Ada Generation,2.8.0+cu128,12.8,580.126.20,passthrough,batch-128,128,128,128,4,128,4,float32,0.0,1.0,True,--atol 0.001 --rtol 0.01,0.001,0.01,True,0,0,1.5943,1.5992,1.5956,1.6662,0.999,0,first GPU round; RTX 6000 Ada; image torch 2.8.0+cu128
2026-08-30T11:12:50+00:00,4d54c39,True,21584e5923680ce0455554bd0b45bda2,cuda,NVIDIA RTX 6000 Ada Generation,2.8.0+cu128,12.8,580.126.20,passthrough,wide-1024,64,128,1024,4,1024,4,float32,0.0,1.0,True,--atol 0.001 --rtol 0.01,0.001,0.01,True,0,0,9.3080,9.7405,9.4215,9.6429,0.988,0,first GPU round; RTX 6000 Ada; image torch 2.8.0+cu128
2026-08-30T11:12:54+00:00,4d54c39,True,21584e5923680ce0455554bd0b45bda2,cuda,NVIDIA RTX 6000 Ada Generation,2.8.0+cu128,12.8,580.126.20,passthrough,heads-16,64,128,128,16,128,4,float32,0.0,1.0,True,--atol 0.001 --rtol 0.01,0.001,0.01,True,0,0,2.8941,2.9038,2.8881,2.8984,1.002,0,first GPU round; RTX 6000 Ada; image torch 2.8.0+cu128
2026-08-30T11:13:47+00:00,4d54c39,True,21584e5923680ce0455554bd0b45bda2,cuda,NVIDIA RTX 6000 Ada Generation,2.8.0+cu128,12.8,580.126.20,passthrough,seq-1024,64,1024,128,4,128,4,float32,0.0,1.0,True,--atol 0.001 --rtol 0.01,0.001,0.01,True,0,0,78.1089,78.1737,78.1158,78.1851,1.000,0,first GPU round; RTX 6000 Ada; image torch 2.8.0+cu128
2026-08-30T11:13:49+00:00,4d54c39,True,21584e5923680ce0455554bd0b45bda2,cuda,NVIDIA RTX 6000 Ada Generation,2.8.0+cu128,12.8,580.126.20,fused-safe,center,64,128,128,4,128,4,float32,0.0,1.0,True,--atol 0.001 --rtol 0.01,0.001,0.01,True,0,0,1.4445,1.4611,1.0716,1.0865,1.348,0,first GPU round; RTX 6000 Ada; image torch 2.8.0+cu128
2026-08-30T11:13:52+00:00,4d54c39,True,21584e5923680ce0455554bd0b45bda2,cuda,NVIDIA RTX 6000 Ada Generation,2.8.0+cu128,12.8,580.126.20,fused-safe,center-bf16,64,128,128,4,128,4,bfloat16,0.0,1.0,True,--atol 0.001 --rtol 0.01,0.001,0.01,True,0,0,1.5347,1.5518,1.1561,1.1702,1.327,0,first GPU round; RTX 6000 Ada; image torch 2.8.0+cu128
2026-08-30T11:13:54+00:00,4d54c39,True,21584e5923680ce0455554bd0b45bda2,cuda,NVIDIA RTX 6000 Ada Generation,2.8.0+cu128,12.8,580.126.20,fused-safe,center-fp16,64,128,128,4,128,4,float16,0.0,1.0,True,--atol 0.001 --rtol 0.01,0.001,0.01,True,0,0,1.5364,1.5606,1.1588,1.1736,1.326,0,first GPU round; RTX 6000 Ada; image torch 2.8.0+cu128
2026-08-30T11:13:56+00:00,4d54c39,True,21584e5923680ce0455554bd0b45bda2,cuda,NVIDIA RTX 6000 Ada Generation,2.8.0+cu128,12.8,580.126.20,fused-safe,center-padded,64,128,128,4,128,4,float32,0.4,1.0,True,--atol 0.001 --rtol 0.01,0.001,0.01,True,0,0,1.4472,1.4738,1.0708,1.0900,1.352,0,first GPU round; RTX 6000 Ada; image torch 2.8.0+cu128
2026-08-30T11:13:59+00:00,4d54c39,True,21584e5923680ce0455554bd0b45bda2,cuda,NVIDIA RTX 6000 Ada Generation,2.8.0+cu128,12.8,580.126.20,fused-safe,batch-1,1,128,128,4,128,4,float32,0.0,1.0,True,--atol 0.001 --rtol 0.01,0.001,0.01,True,0.000589622,2.27287,1.4303,1.4522,1.0189,1.0355,1.404,0,first GPU round; RTX 6000 Ada; image torch 2.8.0+cu128
2026-08-30T11:14:02+00:00,4d54c39,True,21584e5923680ce0455554bd0b45bda2,cuda,NVIDIA RTX 6000 Ada Generation,2.8.0+cu128,12.8,580.126.20,fused-safe,batch-128,128,128,128,4,128,4,float32,0.0,1.0,True,--atol 0.001 --rtol 0.01,0.001,0.01,True,0,0,1.6588,1.6629,1.6192,1.6735,1.024,0,first GPU round; RTX 6000 Ada; image torch 2.8.0+cu128
2026-08-30T11:14:10+00:00,4d54c39,True,21584e5923680ce0455554bd0b45bda2,cuda,NVIDIA RTX 6000 Ada Generation,2.8.0+cu128,12.8,580.126.20,fused-safe,wide-1024,64,128,1024,4,1024,4,float32,0.0,1.0,True,--atol 0.001 --rtol 0.01,0.001,0.01,True,0,0,9.7594,10.1067,9.6284,9.8392,1.014,0,first GPU round; RTX 6000 Ada; image torch 2.8.0+cu128
2026-08-30T11:14:14+00:00,4d54c39,True,21584e5923680ce0455554bd0b45bda2,cuda,NVIDIA RTX 6000 Ada Generation,2.8.0+cu128,12.8,580.126.20,fused-safe,heads-16,64,128,128,16,128,4,float32,0.0,1.0,True,--atol 0.001 --rtol 0.01,0.001,0.01,True,0,0,2.8976,2.9122,2.4090,2.4190,1.203,0,first GPU round; RTX 6000 Ada; image torch 2.8.0+cu128
2026-08-30T11:14:58+00:00,4d54c39,True,21584e5923680ce0455554bd0b45bda2,cuda,NVIDIA RTX 6000 Ada Generation,2.8.0+cu128,12.8,580.126.20,fused-safe,seq-1024,64,1024,128,4,128,4,float32,0.0,1.0,True,--atol 0.001 --rtol 0.01,0.001,0.01,True,0,0,78.0199,78.1030,58.6451,58.7013,1.330,0,first GPU round; RTX 6000 Ada; image torch 2.8.0+cu128
2026-08-30T12:21:11+00:00,2ef7a73,True,21584e5923680ce0455554bd0b45bda2,cuda,NVIDIA RTX 6000 Ada Generation,2.8.0+cu128,12.8,580.126.20,fused-safe,center,64,128,128,4,128,4,float32,0.0,1.0,True,--atol 0.002 --rtol 0.02,0.002,0.02,True,0,0,1.4209,1.4434,1.0599,1.0776,1.341,0,ladder L0
2026-08-30T12:21:14+00:00,2ef7a73,True,21584e5923680ce0455554bd0b45bda2,cuda,NVIDIA RTX 6000 Ada Generation,2.8.0+cu128,12.8,580.126.20,fused-safe,center-bf16,64,128,128,4,128,4,bfloat16,0.0,1.0,True,--atol 0.002 --rtol 0.02,0.002,0.02,True,0,0,1.5257,1.5490,1.1470,1.1669,1.330,0,ladder L0
2026-08-30T12:21:16+00:00,2ef7a73,True,21584e5923680ce0455554bd0b45bda2,cuda,NVIDIA RTX 6000 Ada Generation,2.8.0+cu128,12.8,580.126.20,fused-safe,center-fp16,64,128,128,4,128,4,float16,0.0,1.0,True,--atol 0.002 --rtol 0.02,0.002,0.02,True,0,0,1.4994,1.5211,1.1372,1.1614,1.318,0,ladder L0
2026-08-30T12:21:19+00:00,2ef7a73,True,21584e5923680ce0455554bd0b45bda2,cuda,NVIDIA RTX 6000 Ada Generation,2.8.0+cu128,12.8,580.126.20,fused-safe,center-padded,64,128,128,4,128,4,float32,0.4,1.0,True,--atol 0.002 --rtol 0.02,0.002,0.02,True,0,0,1.4294,1.4571,1.0612,1.0829,1.347,0,ladder L0
2026-08-30T12:21:22+00:00,2ef7a73,True,21584e5923680ce0455554bd0b45bda2,cuda,NVIDIA RTX 6000 Ada Generation,2.8.0+cu128,12.8,580.126.20,fused-safe,batch-1,1,128,128,4,128,4,float32,0.0,1.0,True,--atol 0.002 --rtol 0.02,0.002,0.02,True,0.000589622,2.27287,1.4269,1.4569,1.0239,1.0446,1.394,0,ladder L0
2026-08-30T12:21:24+00:00,2ef7a73,True,21584e5923680ce0455554bd0b45bda2,cuda,NVIDIA RTX 6000 Ada Generation,2.8.0+cu128,12.8,580.126.20,fused-safe,batch-128,128,128,128,4,128,4,float32,0.0,1.0,True,--atol 0.002 --rtol 0.02,0.002,0.02,True,0,0,1.5924,1.5996,1.5452,1.5979,1.031,0,ladder L0
2026-08-30T12:21:34+00:00,2ef7a73,True,21584e5923680ce0455554bd0b45bda2,cuda,NVIDIA RTX 6000 Ada Generation,2.8.0+cu128,12.8,580.126.20,fused-safe,wide-1024,64,128,1024,4,1024,4,float32,0.0,1.0,True,--atol 0.002 --rtol 0.02,0.002,0.02,True,0,0,9.4134,9.7477,9.2243,9.5107,1.020,0,ladder L0
2026-08-30T12:21:38+00:00,2ef7a73,True,21584e5923680ce0455554bd0b45bda2,cuda,NVIDIA RTX 6000 Ada Generation,2.8.0+cu128,12.8,580.126.20,fused-safe,heads-16,64,128,128,16,128,4,float32,0.0,1.0,True,--atol 0.002 --rtol 0.02,0.002,0.02,True,0,0,2.8992,2.9061,2.3797,2.3867,1.218,0,ladder L0
2026-08-30T12:22:24+00:00,2ef7a73,True,21584e5923680ce0455554bd0b45bda2,cuda,NVIDIA RTX 6000 Ada Generation,2.8.0+cu128,12.8,580.126.20,fused-safe,seq-1024,64,1024,128,4,128,4,float32,0.0,1.0,True,--atol 0.002 --rtol 0.02,0.002,0.02,True,0,0,78.0951,78.1579,58.6292,58.6790,1.332,0,ladder L0
2026-08-30T12:22:26+00:00,2ef7a73,True,21584e5923680ce0455554bd0b45bda2,cuda,NVIDIA RTX 6000 Ada Generation,2.8.0+cu128,12.8,580.126.20,fused-sdpa,center,64,128,128,4,128,4,float32,0.0,1.0,True,--atol 0.002 --rtol 0.02,0.002,0.02,True,0.000991464,600.585,1.4213,1.4427,0.8405,0.8562,1.691,0,ladder L0
2026-08-30T12:22:28+00:00,2ef7a73,True,21584e5923680ce0455554bd0b45bda2,cuda,NVIDIA RTX 6000 Ada Generation,2.8.0+cu128,12.8,580.126.20,fused-sdpa,center-bf16,64,128,128,4,128,4,bfloat16,0.0,1.0,True,--atol 0.002 --rtol 0.02,0.002,0.02,False,0.0625,5.15747e+09,,,,,,2,ladder L0
2026-08-30T12:22:30+00:00,2ef7a73,True,21584e5923680ce0455554bd0b45bda2,cuda,NVIDIA RTX 6000 Ada Generation,2.8.0+cu128,12.8,580.126.20,fused-sdpa,center-fp16,64,128,128,4,128,4,float16,0.0,1.0,True,--atol 0.002 --rtol 0.02,0.002,0.02,False,0.00585938,5.73158e+08,,,,,,2,ladder L0
2026-08-30T12:22:33+00:00,2ef7a73,True,21584e5923680ce0455554bd0b45bda2,cuda,NVIDIA RTX 6000 Ada Generation,2.8.0+cu128,12.8,580.126.20,fused-sdpa,center-padded,64,128,128,4,128,4,float32,0.4,1.0,True,--atol 0.002 --rtol 0.02,0.002,0.02,True,0.000991464,600.585,1.4359,1.4549,0.8403,0.8520,1.709,0,ladder L0
2026-08-30T12:22:35+00:00,2ef7a73,True,21584e5923680ce0455554bd0b45bda2,cuda,NVIDIA RTX 6000 Ada Generation,2.8.0+cu128,12.8,580.126.20,fused-sdpa,batch-1,1,128,128,4,128,4,float32,0.0,1.0,True,--atol 0.002 --rtol 0.02,0.002,0.02,True,0.000798762,591.292,1.4249,1.4409,0.8586,0.8707,1.660,0,ladder L0
2026-08-30T12:22:38+00:00,2ef7a73,True,21584e5923680ce0455554bd0b45bda2,cuda,NVIDIA RTX 6000 Ada Generation,2.8.0+cu128,12.8,580.126.20,fused-sdpa,batch-128,128,128,128,4,128,4,float32,0.0,1.0,True,--atol 0.002 --rtol 0.02,0.002,0.02,True,0.00116253,713.995,1.6277,1.6368,1.1697,1.2568,1.392,0,ladder L0
2026-08-30T12:22:47+00:00,2ef7a73,True,21584e5923680ce0455554bd0b45bda2,cuda,NVIDIA RTX 6000 Ada Generation,2.8.0+cu128,12.8,580.126.20,fused-sdpa,wide-1024,64,128,1024,4,1024,4,float32,0.0,1.0,True,--atol 0.002 --rtol 0.02,0.002,0.02,True,0.00111949,6196.59,9.6363,9.8710,8.8271,9.0281,1.092,0,ladder L0
2026-08-30T12:22:50+00:00,2ef7a73,True,21584e5923680ce0455554bd0b45bda2,cuda,NVIDIA RTX 6000 Ada Generation,2.8.0+cu128,12.8,580.126.20,fused-sdpa,heads-16,64,128,128,16,128,4,float32,0.0,1.0,True,--atol 0.002 --rtol 0.02,0.002,0.02,True,0.00111344,794.24,2.9150,2.9298,1.0526,1.0806,2.769,0,ladder L0
2026-08-30T12:23:24+00:00,2ef7a73,True,21584e5923680ce0455554bd0b45bda2,cuda,NVIDIA RTX 6000 Ada Generation,2.8.0+cu128,12.8,580.126.20,fused-sdpa,seq-1024,64,1024,128,4,128,4,float32,0.0,1.0,True,--atol 0.002 --rtol 0.02,0.002,0.02,True,0.00106621,894.951,78.1002,78.1712,19.1348,19.8351,4.082,0,ladder L0
2026-08-30T12:23:26+00:00,2ef7a73,True,21584e5923680ce0455554bd0b45bda2,cuda,NVIDIA RTX 6000 Ada Generation,2.8.0+cu128,12.8,580.126.20,graph-safe,center,64,128,128,4,128,4,float32,0.0,1.0,True,--atol 0.002 --rtol 0.02,0.002,0.02,True,0,0,1.4348,1.4557,0.6414,0.7262,2.237,0,ladder L0
2026-08-30T12:23:29+00:00,2ef7a73,True,21584e5923680ce0455554bd0b45bda2,cuda,NVIDIA RTX 6000 Ada Generation,2.8.0+cu128,12.8,580.126.20,graph-safe,center-bf16,64,128,128,4,128,4,bfloat16,0.0,1.0,True,--atol 0.002 --rtol 0.02,0.002,0.02,True,0,0,1.5286,1.5535,0.5941,0.5967,2.573,0,ladder L0
2026-08-30T12:23:31+00:00,2ef7a73,True,21584e5923680ce0455554bd0b45bda2,cuda,NVIDIA RTX 6000 Ada Generation,2.8.0+cu128,12.8,580.126.20,graph-safe,center-fp16,64,128,128,4,128,4,float16,0.0,1.0,True,--atol 0.002 --rtol 0.02,0.002,0.02,True,0,0,1.5099,1.5264,0.6174,0.6327,2.446,0,ladder L0
2026-08-30T12:23:33+00:00,2ef7a73,True,21584e5923680ce0455554bd0b45bda2,cuda,NVIDIA RTX 6000 Ada Generation,2.8.0+cu128,12.8,580.126.20,graph-safe,center-padded,64,128,128,4,128,4,float32,0.4,1.0,True,--atol 0.002 --rtol 0.02,0.002,0.02,True,0,0,1.4393,1.4677,0.7135,0.7206,2.017,0,ladder L0
2026-08-30T12:23:36+00:00,2ef7a73,True,21584e5923680ce0455554bd0b45bda2,cuda,NVIDIA RTX 6000 Ada Generation,2.8.0+cu128,12.8,580.126.20,graph-safe,batch-1,1,128,128,4,128,4,float32,0.0,1.0,True,--atol 0.002 --rtol 0.02,0.002,0.02,True,0.000589622,2.27287,1.4294,1.4501,0.1723,0.1725,8.295,0,ladder L0
2026-08-30T12:23:38+00:00,2ef7a73,True,21584e5923680ce0455554bd0b45bda2,cuda,NVIDIA RTX 6000 Ada Generation,2.8.0+cu128,12.8,580.126.20,graph-safe,batch-128,128,128,128,4,128,4,float32,0.0,1.0,True,--atol 0.002 --rtol 0.02,0.002,0.02,True,0,0,1.6689,1.7220,1.6233,1.6332,1.028,0,ladder L0
2026-08-30T12:23:49+00:00,2ef7a73,True,21584e5923680ce0455554bd0b45bda2,cuda,NVIDIA RTX 6000 Ada Generation,2.8.0+cu128,12.8,580.126.20,graph-safe,wide-1024,64,128,1024,4,1024,4,float32,0.0,1.0,True,--atol 0.002 --rtol 0.02,0.002,0.02,True,0,0,9.7686,10.0136,9.7067,9.9323,1.006,0,ladder L0
2026-08-30T12:23:52+00:00,2ef7a73,True,21584e5923680ce0455554bd0b45bda2,cuda,NVIDIA RTX 6000 Ada Generation,2.8.0+cu128,12.8,580.126.20,graph-safe,heads-16,64,128,128,16,128,4,float32,0.0,1.0,True,--atol 0.002 --rtol 0.02,0.002,0.02,True,0,0,2.9657,2.9809,2.3461,2.3550,1.264,0,ladder L0
2026-08-30T12:24:39+00:00,2ef7a73,True,21584e5923680ce0455554bd0b45bda2,cuda,NVIDIA RTX 6000 Ada Generation,2.8.0+cu128,12.8,580.126.20,graph-safe,seq-1024,64,1024,128,4,128,4,float32,0.0,1.0,True,--atol 0.002 --rtol 0.02,0.002,0.02,True,0,0,78.1122,78.1798,58.6854,58.7803,1.331,0,ladder L0
2026-08-30T12:24:41+00:00,2ef7a73,True,21584e5923680ce0455554bd0b45bda2,cuda,NVIDIA RTX 6000 Ada Generation,2.8.0+cu128,12.8,580.126.20,graph-sdpa,center,64,128,128,4,128,4,float32,0.0,1.0,True,--atol 0.002 --rtol 0.02,0.002,0.02,True,0.000991464,600.585,1.4368,1.4576,0.5678,0.6012,2.530,0,ladder L0
2026-08-30T12:24:43+00:00,2ef7a73,True,21584e5923680ce0455554bd0b45bda2,cuda,NVIDIA RTX 6000 Ada Generation,2.8.0+cu128,12.8,580.126.20,graph-sdpa,center-bf16,64,128,128,4,128,4,bfloat16,0.0,1.0,True,--atol 0.002 --rtol 0.02,0.002,0.02,False,0.0625,5.15747e+09,,,,,,2,ladder L0
2026-08-30T12:24:45+00:00,2ef7a73,True,21584e5923680ce0455554bd0b45bda2,cuda,NVIDIA RTX 6000 Ada Generation,2.8.0+cu128,12.8,580.126.20,graph-sdpa,center-fp16,64,128,128,4,128,4,float16,0.0,1.0,True,--atol 0.002 --rtol 0.02,0.002,0.02,False,0.00585938,5.73158e+08,,,,,,2,ladder L0
2026-08-30T12:24:47+00:00,2ef7a73,True,21584e5923680ce0455554bd0b45bda2,cuda,NVIDIA RTX 6000 Ada Generation,2.8.0+cu128,12.8,580.126.20,graph-sdpa,center-padded,64,128,128,4,128,4,float32,0.4,1.0,True,--atol 0.002 --rtol 0.02,0.002,0.02,True,0.000991464,600.585,1.4463,1.4735,0.5826,0.5924,2.482,0,ladder L0
2026-08-30T12:24:49+00:00,2ef7a73,True,21584e5923680ce0455554bd0b45bda2,cuda,NVIDIA RTX 6000 Ada Generation,2.8.0+cu128,12.8,580.126.20,graph-sdpa,batch-1,1,128,128,4,128,4,float32,0.0,1.0,True,--atol 0.002 --rtol 0.02,0.002,0.02,True,0.000798762,591.292,1.4318,1.4501,0.1916,0.1919,7.471,0,ladder L0
2026-08-30T12:24:52+00:00,2ef7a73,True,21584e5923680ce0455554bd0b45bda2,cuda,NVIDIA RTX 6000 Ada Generation,2.8.0+cu128,12.8,580.126.20,graph-sdpa,batch-128,128,128,128,4,128,4,float32,0.0,1.0,True,--atol 0.002 --rtol 0.02,0.002,0.02,True,0.00116253,713.995,1.6554,1.6644,1.1910,1.2391,1.390,0,ladder L0
2026-08-30T12:25:02+00:00,2ef7a73,True,21584e5923680ce0455554bd0b45bda2,cuda,NVIDIA RTX 6000 Ada Generation,2.8.0+cu128,12.8,580.126.20,graph-sdpa,wide-1024,64,128,1024,4,1024,4,float32,0.0,1.0,True,--atol 0.002 --rtol 0.02,0.002,0.02,True,0.00111949,6196.59,9.7588,10.1225,8.9189,9.2299,1.094,0,ladder L0
2026-08-30T12:25:06+00:00,2ef7a73,True,21584e5923680ce0455554bd0b45bda2,cuda,NVIDIA RTX 6000 Ada Generation,2.8.0+cu128,12.8,580.126.20,graph-sdpa,heads-16,64,128,128,16,128,4,float32,0.0,1.0,True,--atol 0.002 --rtol 0.02,0.002,0.02,True,0.00111344,794.24,2.9358,2.9484,1.0369,1.1017,2.831,0,ladder L0
2026-08-30T12:25:39+00:00,2ef7a73,True,21584e5923680ce0455554bd0b45bda2,cuda,NVIDIA RTX 6000 Ada Generation,2.8.0+cu128,12.8,580.126.20,graph-sdpa,seq-1024,64,1024,128,4,128,4,float32,0.0,1.0,True,--atol 0.002 --rtol 0.02,0.002,0.02,True,0.00106621,894.951,78.3214,78.4011,19.4318,19.9029,4.031,0,ladder L0
2026-08-30T12:27:43+00:00,2ef7a73,True,21584e5923680ce0455554bd0b45bda2,cuda,NVIDIA RTX 6000 Ada Generation,2.8.0+cu128,12.8,580.126.20,fused-safe,center,64,128,128,4,128,4,float32,0.0,1.0,True,--atol 0.002 --rtol 0.02 --compile-baseline --compile-mode max-autotune --benchmark-on-failure,0.002,0.02,False,0.00531903,1337.29,0.3058,0.3304,1.1177,1.1333,0.274,2,ladder L2
2026-08-30T12:28:01+00:00,2ef7a73,True,21584e5923680ce0455554bd0b45bda2,cuda,NVIDIA RTX 6000 Ada Generation,2.8.0+cu128,12.8,580.126.20,fused-safe,center-bf16,64,128,128,4,128,4,bfloat16,0.0,1.0,True,--atol 0.002 --rtol 0.02 --compile-baseline --compile-mode max-autotune --benchmark-on-failure,0.002,0.02,False,0.0625,32999.8,0.2278,0.2282,1.1994,1.2152,0.190,2,ladder L2
2026-08-30T12:28:19+00:00,2ef7a73,True,21584e5923680ce0455554bd0b45bda2,cuda,NVIDIA RTX 6000 Ada Generation,2.8.0+cu128,12.8,580.126.20,fused-safe,center-fp16,64,128,128,4,128,4,float16,0.0,1.0,True,--atol 0.002 --rtol 0.02 --compile-baseline --compile-mode max-autotune --benchmark-on-failure,0.002,0.02,False,0.00976562,757.8,0.2313,0.2432,1.2033,1.2364,0.192,2,ladder L2
2026-08-30T12:28:22+00:00,2ef7a73,True,21584e5923680ce0455554bd0b45bda2,cuda,NVIDIA RTX 6000 Ada Generation,2.8.0+cu128,12.8,580.126.20,fused-safe,center-padded,64,128,128,4,128,4,float32,0.4,1.0,True,--atol 0.002 --rtol 0.02 --compile-baseline --compile-mode max-autotune --benchmark-on-failure,0.002,0.02,False,0.00531903,1337.29,0.3306,0.3335,1.1065,1.1235,0.299,2,ladder L2
2026-08-30T12:28:40+00:00,2ef7a73,True,21584e5923680ce0455554bd0b45bda2,cuda,NVIDIA RTX 6000 Ada Generation,2.8.0+cu128,12.8,580.126.20,fused-safe,batch-1,1,128,128,4,128,4,float32,0.0,1.0,True,--atol 0.002 --rtol 0.02 --compile-baseline --compile-mode max-autotune --benchmark-on-failure,0.002,0.02,False,0.00377262,30.4783,0.0991,0.0993,1.0618,1.0784,0.093,2,ladder L2
2026-08-30T12:28:43+00:00,2ef7a73,True,21584e5923680ce0455554bd0b45bda2,cuda,NVIDIA RTX 6000 Ada Generation,2.8.0+cu128,12.8,580.126.20,fused-safe,batch-128,128,128,128,4,128,4,float32,0.0,1.0,True,--atol 0.002 --rtol 0.02 --compile-baseline --compile-mode max-autotune --benchmark-on-failure,0.002,0.02,True,0,0,1.6223,1.6303,1.5787,1.6250,1.028,0,ladder L2
2026-08-30T12:28:53+00:00,2ef7a73,True,21584e5923680ce0455554bd0b45bda2,cuda,NVIDIA RTX 6000 Ada Generation,2.8.0+cu128,12.8,580.126.20,fused-safe,wide-1024,64,128,1024,4,1024,4,float32,0.0,1.0,True,--atol 0.002 --rtol 0.02 --compile-baseline --compile-mode max-autotune --benchmark-on-failure,0.002,0.02,True,0,0,9.4456,9.7890,9.2676,9.6509,1.019,0,ladder L2
2026-08-30T12:28:57+00:00,2ef7a73,True,21584e5923680ce0455554bd0b45bda2,cuda,NVIDIA RTX 6000 Ada Generation,2.8.0+cu128,12.8,580.126.20,fused-safe,heads-16,64,128,128,16,128,4,float32,0.0,1.0,True,--atol 0.002 --rtol 0.02 --compile-baseline --compile-mode max-autotune --benchmark-on-failure,0.002,0.02,True,0,0,2.9079,2.9183,2.3482,2.3615,1.238,0,ladder L2
2026-08-30T12:29:43+00:00,2ef7a73,True,21584e5923680ce0455554bd0b45bda2,cuda,NVIDIA RTX 6000 Ada Generation,2.8.0+cu128,12.8,580.126.20,fused-safe,seq-1024,64,1024,128,4,128,4,float32,0.0,1.0,True,--atol 0.002 --rtol 0.02 --compile-baseline --compile-mode max-autotune --benchmark-on-failure,0.002,0.02,True,0,0,77.9544,78.0570,58.6444,58.7086,1.329,0,ladder L2
2026-08-30T12:29:45+00:00,2ef7a73,True,21584e5923680ce0455554bd0b45bda2,cuda,NVIDIA RTX 6000 Ada Generation,2.8.0+cu128,12.8,580.126.20,fused-sdpa,center,64,128,128,4,128,4,float32,0.0,1.0,True,--atol 0.002 --rtol 0.02 --compile-baseline --compile-mode max-autotune --benchmark-on-failure,0.002,0.02,False,0.005651,1554.87,0.3205,0.3420,0.8781,0.8952,0.365,2,ladder L2
2026-08-30T12:29:47+00:00,2ef7a73,True,21584e5923680ce0455554bd0b45bda2,cuda,NVIDIA RTX 6000 Ada Generation,2.8.0+cu128,12.8,580.126.20,fused-sdpa,center-bf16,64,128,128,4,128,4,bfloat16,0.0,1.0,True,--atol 0.002 --rtol 0.02 --compile-baseline --compile-mode max-autotune --benchmark-on-failure,0.002,0.02,False,0.0625,42689.7,0.2396,0.2476,0.8848,0.9148,0.271,2,ladder L2
2026-08-30T12:29:50+00:00,2ef7a73,True,21584e5923680ce0455554bd0b45bda2,cuda,NVIDIA RTX 6000 Ada Generation,2.8.0+cu128,12.8,580.126.20,fused-sdpa,center-fp16,64,128,128,4,128,4,float16,0.0,1.0,True,--atol 0.002 --rtol 0.02 --compile-baseline --compile-mode max-autotune --benchmark-on-failure,0.002,0.02,False,0.00976562,614.6,0.2500,0.2506,0.8855,0.8985,0.282,2,ladder L2
2026-08-30T12:29:52+00:00,2ef7a73,True,21584e5923680ce0455554bd0b45bda2,cuda,NVIDIA RTX 6000 Ada Generation,2.8.0+cu128,12.8,580.126.20,fused-sdpa,center-padded,64,128,128,4,128,4,float32,0.4,1.0,True,--atol 0.002 --rtol 0.02 --compile-baseline --compile-mode max-autotune --benchmark-on-failure,0.002,0.02,False,0.005651,1554.87,0.3325,0.3363,0.8777,0.8901,0.379,2,ladder L2
2026-08-30T12:29:54+00:00,2ef7a73,True,21584e5923680ce0455554bd0b45bda2,cuda,NVIDIA RTX 6000 Ada Generation,2.8.0+cu128,12.8,580.126.20,fused-sdpa,batch-1,1,128,128,4,128,4,float32,0.0,1.0,True,--atol 0.002 --rtol 0.02 --compile-baseline --compile-mode max-autotune --benchmark-on-failure,0.002,0.02,False,0.00376427,27.8828,0.1069,0.1071,0.8953,0.9084,0.119,2,ladder L2
2026-08-30T12:29:57+00:00,2ef7a73,True,21584e5923680ce0455554bd0b45bda2,cuda,NVIDIA RTX 6000 Ada Generation,2.8.0+cu128,12.8,580.126.20,fused-sdpa,batch-128,128,128,128,4,128,4,float32,0.0,1.0,True,--atol 0.002 --rtol 0.02 --compile-baseline --compile-mode max-autotune --benchmark-on-failure,0.002,0.02,True,0.00116253,713.995,1.6321,1.6554,1.1874,1.2566,1.375,0,ladder L2
2026-08-30T12:30:07+00:00,2ef7a73,True,21584e5923680ce0455554bd0b45bda2,cuda,NVIDIA RTX 6000 Ada Generation,2.8.0+cu128,12.8,580.126.20,fused-sdpa,wide-1024,64,128,1024,4,1024,4,float32,0.0,1.0,True,--atol 0.002 --rtol 0.02 --compile-baseline --compile-mode max-autotune --benchmark-on-failure,0.002,0.02,True,0.00111949,6196.59,9.6774,10.1138,8.8409,9.1366,1.095,0,ladder L2
2026-08-30T12:30:10+00:00,2ef7a73,True,21584e5923680ce0455554bd0b45bda2,cuda,NVIDIA RTX 6000 Ada Generation,2.8.0+cu128,12.8,580.126.20,fused-sdpa,heads-16,64,128,128,16,128,4,float32,0.0,1.0,True,--atol 0.002 --rtol 0.02 --compile-baseline --compile-mode max-autotune --benchmark-on-failure,0.002,0.02,True,0.00111344,794.24,2.9937,3.0130,1.0615,1.0803,2.820,0,ladder L2
2026-08-30T12:30:43+00:00,2ef7a73,True,21584e5923680ce0455554bd0b45bda2,cuda,NVIDIA RTX 6000 Ada Generation,2.8.0+cu128,12.8,580.126.20,fused-sdpa,seq-1024,64,1024,128,4,128,4,float32,0.0,1.0,True,--atol 0.002 --rtol 0.02 --compile-baseline --compile-mode max-autotune --benchmark-on-failure,0.002,0.02,True,0.00106621,894.951,78.0494,78.1258,19.1865,19.7878,4.068,0,ladder L2
2026-08-30T12:30:45+00:00,2ef7a73,True,21584e5923680ce0455554bd0b45bda2,cuda,NVIDIA RTX 6000 Ada Generation,2.8.0+cu128,12.8,580.126.20,graph-safe,center,64,128,128,4,128,4,float32,0.0,1.0,True,--atol 0.002 --rtol 0.02 --compile-baseline --compile-mode max-autotune --benchmark-on-failure,0.002,0.02,False,0.00531903,1337.29,0.3537,0.3697,0.7156,0.7227,0.494,2,ladder L2
2026-08-30T12:30:48+00:00,2ef7a73,True,21584e5923680ce0455554bd0b45bda2,cuda,NVIDIA RTX 6000 Ada Generation,2.8.0+cu128,12.8,580.126.20,graph-safe,center-bf16,64,128,128,4,128,4,bfloat16,0.0,1.0,True,--atol 0.002 --rtol 0.02 --compile-baseline --compile-mode max-autotune --benchmark-on-failure,0.002,0.02,False,0.0625,32999.8,0.2545,0.2641,0.5826,0.5905,0.437,2,ladder L2
2026-08-30T12:30:51+00:00,2ef7a73,True,21584e5923680ce0455554bd0b45bda2,cuda,NVIDIA RTX 6000 Ada Generation,2.8.0+cu128,12.8,580.126.20,graph-safe,center-fp16,64,128,128,4,128,4,float16,0.0,1.0,True,--atol 0.002 --rtol 0.02 --compile-baseline --compile-mode max-autotune --benchmark-on-failure,0.002,0.02,False,0.00976562,757.8,0.2694,0.2819,0.6201,0.6315,0.434,2,ladder L2
2026-08-30T12:30:54+00:00,2ef7a73,True,21584e5923680ce0455554bd0b45bda2,cuda,NVIDIA RTX 6000 Ada Generation,2.8.0+cu128,12.8,580.126.20,graph-safe,center-padded,64,128,128,4,128,4,float32,0.4,1.0,True,--atol 0.002 --rtol 0.02 --compile-baseline --compile-mode max-autotune --benchmark-on-failure,0.002,0.02,False,0.00531903,1337.29,0.3526,0.3667,0.7035,0.7116,0.501,2,ladder L2
2026-08-30T12:30:56+00:00,2ef7a73,True,21584e5923680ce0455554bd0b45bda2,cuda,NVIDIA RTX 6000 Ada Generation,2.8.0+cu128,12.8,580.126.20,graph-safe,batch-1,1,128,128,4,128,4,float32,0.0,1.0,True,--atol 0.002 --rtol 0.02 --compile-baseline --compile-mode max-autotune --benchmark-on-failure,0.002,0.02,False,0.00377262,30.4783,0.1071,0.1073,0.1723,0.1724,0.622,2,ladder L2
2026-08-30T12:31:00+00:00,2ef7a73,True,21584e5923680ce0455554bd0b45bda2,cuda,NVIDIA RTX 6000 Ada Generation,2.8.0+cu128,12.8,580.126.20,graph-safe,batch-128,128,128,128,4,128,4,float32,0.0,1.0,True,--atol 0.002 --rtol 0.02 --compile-baseline --compile-mode max-autotune --benchmark-on-failure,0.002,0.02,True,0,0,1.6676,1.7438,1.6269,1.7332,1.025,0,ladder L2
2026-08-30T12:31:10+00:00,2ef7a73,True,21584e5923680ce0455554bd0b45bda2,cuda,NVIDIA RTX 6000 Ada Generation,2.8.0+cu128,12.8,580.126.20,graph-safe,wide-1024,64,128,1024,4,1024,4,float32,0.0,1.0,True,--atol 0.002 --rtol 0.02 --compile-baseline --compile-mode max-autotune --benchmark-on-failure,0.002,0.02,True,0,0,9.6675,10.0185,9.6918,9.9158,0.997,0,ladder L2
2026-08-30T12:31:14+00:00,2ef7a73,True,21584e5923680ce0455554bd0b45bda2,cuda,NVIDIA RTX 6000 Ada Generation,2.8.0+cu128,12.8,580.126.20,graph-safe,heads-16,64,128,128,16,128,4,float32,0.0,1.0,True,--atol 0.002 --rtol 0.02 --compile-baseline --compile-mode max-autotune --benchmark-on-failure,0.002,0.02,True,0,0,2.9467,2.9550,2.3919,2.3996,1.232,0,ladder L2
2026-08-30T12:32:01+00:00,2ef7a73,True,21584e5923680ce0455554bd0b45bda2,cuda,NVIDIA RTX 6000 Ada Generation,2.8.0+cu128,12.8,580.126.20,graph-safe,seq-1024,64,1024,128,4,128,4,float32,0.0,1.0,True,--atol 0.002 --rtol 0.02 --compile-baseline --compile-mode max-autotune --benchmark-on-failure,0.002,0.02,True,0,0,78.0486,78.1133,58.5653,58.6664,1.333,0,ladder L2
2026-08-30T12:32:04+00:00,2ef7a73,True,21584e5923680ce0455554bd0b45bda2,cuda,NVIDIA RTX 6000 Ada Generation,2.8.0+cu128,12.8,580.126.20,graph-sdpa,center,64,128,128,4,128,4,float32,0.0,1.0,True,--atol 0.002 --rtol 0.02 --compile-baseline --compile-mode max-autotune --benchmark-on-failure,0.002,0.02,False,0.005651,1554.87,0.3451,0.3562,0.5891,0.5951,0.586,2,ladder L2
2026-08-30T12:32:06+00:00,2ef7a73,True,21584e5923680ce0455554bd0b45bda2,cuda,NVIDIA RTX 6000 Ada Generation,2.8.0+cu128,12.8,580.126.20,graph-sdpa,center-bf16,64,128,128,4,128,4,bfloat16,0.0,1.0,True,--atol 0.002 --rtol 0.02 --compile-baseline --compile-mode max-autotune --benchmark-on-failure,0.002,0.02,False,0.0625,42689.7,0.2479,0.2484,0.3253,0.3262,0.762,2,ladder L2
2026-08-30T12:32:09+00:00,2ef7a73,True,21584e5923680ce0455554bd0b45bda2,cuda,NVIDIA RTX 6000 Ada Generation,2.8.0+cu128,12.8,580.126.20,graph-sdpa,center-fp16,64,128,128,4,128,4,float16,0.0,1.0,True,--atol 0.002 --rtol 0.02 --compile-baseline --compile-mode max-autotune --benchmark-on-failure,0.002,0.02,False,0.00976562,614.6,0.2538,0.2612,0.3427,0.3532,0.741,2,ladder L2
2026-08-30T12:32:12+00:00,2ef7a73,True,21584e5923680ce0455554bd0b45bda2,cuda,NVIDIA RTX 6000 Ada Generation,2.8.0+cu128,12.8,580.126.20,graph-sdpa,center-padded,64,128,128,4,128,4,float32,0.4,1.0,True,--atol 0.002 --rtol 0.02 --compile-baseline --compile-mode max-autotune --benchmark-on-failure,0.002,0.02,False,0.005651,1554.87,0.3450,0.3564,0.5847,0.5878,0.590,2,ladder L2
2026-08-30T12:32:14+00:00,2ef7a73,True,21584e5923680ce0455554bd0b45bda2,cuda,NVIDIA RTX 6000 Ada Generation,2.8.0+cu128,12.8,580.126.20,graph-sdpa,batch-1,1,128,128,4,128,4,float32,0.0,1.0,True,--atol 0.002 --rtol 0.02 --compile-baseline --compile-mode max-autotune --benchmark-on-failure,0.002,0.02,False,0.00376427,27.8828,0.1071,0.1072,0.1916,0.1918,0.559,2,ladder L2
2026-08-30T12:32:17+00:00,2ef7a73,True,21584e5923680ce0455554bd0b45bda2,cuda,NVIDIA RTX 6000 Ada Generation,2.8.0+cu128,12.8,580.126.20,graph-sdpa,batch-128,128,128,128,4,128,4,float32,0.0,1.0,True,--atol 0.002 --rtol 0.02 --compile-baseline --compile-mode max-autotune --benchmark-on-failure,0.002,0.02,True,0.00116253,713.995,1.6577,1.6663,1.1902,1.2529,1.393,0,ladder L2
2026-08-30T12:32:28+00:00,2ef7a73,True,21584e5923680ce0455554bd0b45bda2,cuda,NVIDIA RTX 6000 Ada Generation,2.8.0+cu128,12.8,580.126.20,graph-sdpa,wide-1024,64,128,1024,4,1024,4,float32,0.0,1.0,True,--atol 0.002 --rtol 0.02 --compile-baseline --compile-mode max-autotune --benchmark-on-failure,0.002,0.02,True,0.00111949,6196.59,9.7743,10.0185,9.0145,9.2492,1.084,0,ladder L2
2026-08-30T12:32:31+00:00,2ef7a73,True,21584e5923680ce0455554bd0b45bda2,cuda,NVIDIA RTX 6000 Ada Generation,2.8.0+cu128,12.8,580.126.20,graph-sdpa,heads-16,64,128,128,16,128,4,float32,0.0,1.0,True,--atol 0.002 --rtol 0.02 --compile-baseline --compile-mode max-autotune --benchmark-on-failure,0.002,0.02,True,0.00111344,794.24,2.9627,2.9746,1.0442,1.0942,2.837,0,ladder L2
2026-08-30T12:33:05+00:00,2ef7a73,True,21584e5923680ce0455554bd0b45bda2,cuda,NVIDIA RTX 6000 Ada Generation,2.8.0+cu128,12.8,580.126.20,graph-sdpa,seq-1024,64,1024,128,4,128,4,float32,0.0,1.0,True,--atol 0.002 --rtol 0.02 --compile-baseline --compile-mode max-autotune --benchmark-on-failure,0.002,0.02,True,0.00106621,894.951,78.0272,78.1115,19.3671,20.0768,4.029,0,ladder L2
2026-08-30T12:33:16+00:00,2ef7a73,True,21584e5923680ce0455554bd0b45bda2,cuda,NVIDIA RTX 6000 Ada Generation,2.8.0+cu128,12.8,580.126.20,passthrough,center,64,128,128,4,128,4,float32,0.0,1.0,True,--atol 0.002 --rtol 0.02 --compile-baseline --compile-mode max-autotune --benchmark-on-failure,0.002,0.02,False,0.00531903,2115.05,0.3314,0.3397,1.4362,1.4565,0.231,2,ladder compile-only
2026-08-30T12:33:21+00:00,2ef7a73,True,21584e5923680ce0455554bd0b45bda2,cuda,NVIDIA RTX 6000 Ada Generation,2.8.0+cu128,12.8,580.126.20,passthrough,center-bf16,64,128,128,4,128,4,bfloat16,0.0,1.0,True,--atol 0.002 --rtol 0.02 --compile-baseline --compile-mode max-autotune --benchmark-on-failure,0.002,0.02,False,0.0625,32999.8,0.2294,0.2451,1.5247,1.5434,0.150,2,ladder compile-only
2026-08-30T12:33:25+00:00,2ef7a73,True,21584e5923680ce0455554bd0b45bda2,cuda,NVIDIA RTX 6000 Ada Generation,2.8.0+cu128,12.8,580.126.20,passthrough,center-fp16,64,128,128,4,128,4,float16,0.0,1.0,True,--atol 0.002 --rtol 0.02 --compile-baseline --compile-mode max-autotune --benchmark-on-failure,0.002,0.02,False,0.00976562,576.6,0.2322,0.2451,1.5085,1.5267,0.154,2,ladder compile-only
2026-08-30T12:33:28+00:00,2ef7a73,True,21584e5923680ce0455554bd0b45bda2,cuda,NVIDIA RTX 6000 Ada Generation,2.8.0+cu128,12.8,580.126.20,passthrough,center-padded,64,128,128,4,128,4,float32,0.4,1.0,True,--atol 0.002 --rtol 0.02 --compile-baseline --compile-mode max-autotune --benchmark-on-failure,0.002,0.02,False,0.00531903,2115.05,0.3319,0.3381,1.4338,1.4605,0.231,2,ladder compile-only
2026-08-30T12:33:31+00:00,2ef7a73,True,21584e5923680ce0455554bd0b45bda2,cuda,NVIDIA RTX 6000 Ada Generation,2.8.0+cu128,12.8,580.126.20,passthrough,batch-1,1,128,128,4,128,4,float32,0.0,1.0,True,--atol 0.002 --rtol 0.02 --compile-baseline --compile-mode max-autotune --benchmark-on-failure,0.002,0.02,False,0.00368768,991.767,0.1070,0.1072,1.4271,1.4607,0.075,2,ladder compile-only
2026-08-30T12:33:34+00:00,2ef7a73,True,21584e5923680ce0455554bd0b45bda2,cuda,NVIDIA RTX 6000 Ada Generation,2.8.0+cu128,12.8,580.126.20,passthrough,batch-128,128,128,128,4,128,4,float32,0.0,1.0,True,--atol 0.002 --rtol 0.02 --compile-baseline --compile-mode max-autotune --benchmark-on-failure,0.002,0.02,True,0,0,1.6329,1.7206,1.6372,1.7501,0.997,0,ladder compile-only
2026-08-30T12:33:45+00:00,2ef7a73,True,21584e5923680ce0455554bd0b45bda2,cuda,NVIDIA RTX 6000 Ada Generation,2.8.0+cu128,12.8,580.126.20,passthrough,wide-1024,64,128,1024,4,1024,4,float32,0.0,1.0,True,--atol 0.002 --rtol 0.02 --compile-baseline --compile-mode max-autotune --benchmark-on-failure,0.002,0.02,True,0,0,9.6782,10.1509,9.7856,10.1471,0.989,0,ladder compile-only
2026-08-30T12:33:48+00:00,2ef7a73,True,21584e5923680ce0455554bd0b45bda2,cuda,NVIDIA RTX 6000 Ada Generation,2.8.0+cu128,12.8,580.126.20,passthrough,heads-16,64,128,128,16,128,4,float32,0.0,1.0,True,--atol 0.002 --rtol 0.02 --compile-baseline --compile-mode max-autotune --benchmark-on-failure,0.002,0.02,True,0,0,2.9423,2.9512,2.9378,2.9469,1.002,0,ladder compile-only
2026-08-30T12:34:41+00:00,2ef7a73,True,21584e5923680ce0455554bd0b45bda2,cuda,NVIDIA RTX 6000 Ada Generation,2.8.0+cu128,12.8,580.126.20,passthrough,seq-1024,64,1024,128,4,128,4,float32,0.0,1.0,True,--atol 0.002 --rtol 0.02 --compile-baseline --compile-mode max-autotune --benchmark-on-failure,0.002,0.02,True,0,0,78.0979,78.1788,78.0939,78.1609,1.000,0,ladder compile-only
