Time (%),Total Time (ns),Instances,Avg (ns),Med (ns),Min (ns),Max (ns),StdDev (ns),Name
30.9,5711184,752,7594.7,7008.0,6368,12032,1530.0,void cutlass::Kernel2<cutlass_80_tensorop_s1688gemm_64x64_16x6_tn_align4>(T1::Params)
17.2,3173141,442,7179.1,4000.0,3904,11520,3433.9,"void at::native::elementwise_kernel<(int)128, (int)2, void at::native::gpu_kernel_impl_nocast<at::native::<unnamed>::masked_fill_kernel(at::TensorIterator &, const c10::Scalar &)::[lambda() (instance 1)]::operator ()() const::[lambda() (instance 7)]::operator ()() const::[lambda(float, bool) (instance 1)]>(at::TensorIteratorBase &, const T1 &)::[lambda(int) (instance 1)]>(int, T3)"
13.8,2544542,234,10874.1,10849.0,10688,11168,92.7,"void at::native::<unnamed>::vectorized_layer_norm_kernel<float, float>(int, T2, const T1 *, const T1 *, const T1 *, T2 *, T2 *, T1 *)"
9.1,1682739,416,4045.0,4032.0,3968,4480,45.2,"void at::native::elementwise_kernel<(int)128, (int)2, void at::native::gpu_kernel_impl_nocast<at::native::direct_copy_kernel_cuda(at::TensorIteratorBase &)::[lambda() (instance 3)]::operator ()() const::[lambda() (instance 7)]::operator ()() const::[lambda(float) (instance 1)]>(at::TensorIteratorBase &, const T1 &)::[lambda(int) (instance 1)]>(int, T3)"
6.4,1190681,120,9922.3,9856.0,9536,11360,356.3,void cutlass::Kernel2<cutlass_80_tensorop_s1688gemm_64x64_16x6_nn_align4>(T1::Params)
5.6,1037642,104,9977.3,9952.0,9760,10784,145.0,"void <unnamed>::softmax_warp_forward<float, float, float, (int)7, (bool)0, (bool)0>(T2 *, const T1 *, int, int, int, const bool *, int, bool)"
4.8,888136,107,8300.3,8448.0,2720,8993,923.3,"void at::native::vectorized_elementwise_kernel<(int)4, at::native::AUnaryFunctor<float, float, float, at::native::binary_internal::MulFunctor<float>>, std::array<char *, (unsigned long)2>>(int, T2, T3)"
3.9,725100,209,3469.4,3456.0,3328,3648,63.4,"void at::native::vectorized_elementwise_kernel<(int)4, at::native::CUDAFunctor_add<float>, std::array<char *, (unsigned long)3>>(int, T2, T3)"
2.0,361509,339,1066.4,1056.0,1024,1664,39.6,"void at::native::vectorized_elementwise_kernel<(int)4, at::native::bitwise_not_kernel_cuda(at::TensorIteratorBase &)::[lambda(bool) (instance 1)], std::array<char *, (unsigned long)2>>(int, T2, T3)"
1.8,329541,104,3168.7,3168.0,3072,3264,37.0,"void at::native::vectorized_elementwise_kernel<(int)4, at::native::GeluCUDAKernelImpl(at::TensorIteratorBase &, at::native::GeluType)::[lambda() (instance 2)]::operator ()() const::[lambda() (instance 2)]::operator ()() const::[lambda(float) (instance 1)], std::array<char *, (unsigned long)2>>(int, T2, T3)"
1.1,199393,104,1917.2,1920.0,1888,2016,24.5,"void at::native::triu_tril_kernel<bool, int, (bool)1, (int)8, (bool)0>(at::cuda::detail::TensorInfo<T1, T2>, at::cuda::detail::TensorInfo<const T1, T2>, long, long, T2)"
0.6,118242,8,14780.3,14752.0,14592,15104,159.9,void cutlass::Kernel2<cutlass_80_tensorop_s1688gemm_128x256_16x3_tn_align4>(T1::Params)
0.5,99616,106,939.8,928.0,896,1152,27.0,"void at::native::vectorized_elementwise_kernel<(int)4, at::native::FillFunctor<bool>, std::array<char *, (unsigned long)1>>(int, T2, T3)"
0.4,73315,8,9164.4,9104.0,8961,9696,232.9,triton_red_fused__softmax_bitwise_not_masked_fill_mul_ones_triu_4
0.2,34528,8,4316.0,4320.0,4256,4352,36.0,triton_per_fused_add_bitwise_not_masked_fill_native_layer_norm_6
0.1,25953,8,3244.1,3248.0,3168,3296,51.0,triton_poi_fused_gelu_7
0.1,25472,4,6368.0,6368.0,6240,6496,116.8,triton_per_fused_add_bitwise_not_masked_fill_native_layer_norm_9
0.1,23904,8,2988.0,2976.0,2880,3104,81.9,triton_poi_fused_clone_2
0.1,23520,8,2940.0,2960.0,2848,3104,89.6,triton_poi_fused_clone_3
0.1,22978,8,2872.3,2848.5,2816,3008,63.2,triton_poi_fused_clone_1
0.1,22080,8,2760.0,2752.0,2720,2816,37.3,triton_poi_fused_clone_5
0.1,13920,5,2784.0,2784.0,2720,2848,50.6,"void at::native::vectorized_elementwise_kernel<(int)4, at::native::AbsFunctor<float>, std::array<char *, (unsigned long)2>>(int, T2, T3)"
0.1,12609,2,6304.5,6304.5,6144,6465,227.0,triton_per_fused_native_layer_norm_0
0.1,12576,2,6288.0,6288.0,6272,6304,22.6,triton_per_fused_add_bitwise_not_masked_fill_native_layer_norm_8
0.1,10785,2,5392.5,5392.5,5312,5473,113.8,"void at::native::<unnamed>::distribution_elementwise_grid_stride_kernel<float, (int)4, void at::native::templates::cuda::normal_and_transform<float, float, at::CUDAGeneratorImpl *, void at::native::templates::cuda::normal_kernel<at::CUDAGeneratorImpl *>(const at::TensorBase &, double, double, T1)::[lambda() (instance 1)]::operator ()() const::[lambda() (instance 2)]::operator ()() const::[lambda(float) (instance 1)]>(at::TensorIteratorBase &, T3, T4)::[lambda(curandStatePhilox4_32_10 *) (instance 2)], void at::native::<unnamed>::distribution_nullary_kernel<float, float, float4, at::CUDAGeneratorImpl *, void at::native::templates::cuda::normal_and_transform<float, float, at::CUDAGeneratorImpl *, void at::native::templates::cuda::normal_kernel<at::CUDAGeneratorImpl *>(const at::TensorBase &, double, double, T1)::[lambda() (instance 1)]::operator ()() const::[lambda() (instance 2)]::operator ()() const::[lambda(float) (instance 1)]>(at::TensorIteratorBase &, T3, T4)::[lambda(curandStatePhilox4_32_10 *) (instance 2)], void at::native::templates::cuda::normal_kernel<at::CUDAGeneratorImpl *>(const at::TensorBase &, double, double, T1)::[lambda() (instance 1)]::operator ()() const::[lambda() (instance 2)]::operator ()() const::[lambda(float) (instance 1)]>(at::TensorIteratorBase &, T4, const T5 &, T6)::[lambda(int, float) (instance 1)]>(long, at::PhiloxCudaState, T3, T4)"
0.1,10272,2,5136.0,5136.0,5120,5152,22.6,triton_per_fused_add_bitwise_not_masked_fill_native_layer_norm_10
0.0,9184,1,9184.0,9184.0,9184,9184,0.0,"void at::native::reduce_kernel<(int)128, (int)4, at::native::ReduceOp<bool, at::native::func_wrapper_t<bool, at::native::or_kernel_cuda(at::TensorIterator &)::[lambda() (instance 1)]::operator ()() const::[lambda() (instance 12)]::operator ()() const::[lambda(bool, bool) (instance 1)]>, unsigned int, bool, (int)4, (int)4>>(T3)"
0.0,8480,2,4240.0,4240.0,4224,4256,22.6,"void at::native::reduce_kernel<(int)512, (int)1, at::native::ReduceOp<float, at::native::func_wrapper_t<float, at::native::MaxNanFunctor<float>>, unsigned int, float, (int)4, (int)4>>(T3)"
0.0,6400,4,1600.0,1584.0,1472,1760,150.1,"void at::native::<unnamed>::CatArrayBatchedCopy_alignedK_contig<at::native::<unnamed>::OpaqueType<(unsigned int)4>, unsigned int, (int)2, (int)128, (int)1, (int)16>(T1 *, at::native::<unnamed>::CatArrInputTensorMetadata<T1, T2, T4, T5>, at::native::<unnamed>::TensorSizeStride<T2, (unsigned int)4>, int, T2)"
0.0,6112,1,6112.0,6112.0,6112,6112,0.0,"void at::native::reduce_kernel<(int)512, (int)1, at::native::ReduceOp<float, at::native::ArgMaxOps<float>, unsigned int, long, (int)4, (int)4>>(T3)"
0.0,5632,1,5632.0,5632.0,5632,5632,0.0,"void at::native::unrolled_elementwise_kernel<at::native::direct_copy_kernel_cuda(at::TensorIteratorBase &)::[lambda() (instance 3)]::operator ()() const::[lambda() (instance 4)]::operator ()() const::[lambda(long) (instance 1)], std::array<char *, (unsigned long)2>, (int)4, TrivialOffsetCalculator<(int)1, unsigned int>, TrivialOffsetCalculator<(int)1, unsigned int>, at::native::memory::LoadWithCast<(int)1>, at::native::memory::StoreWithCast<(int)1>>(int, T1, T2, T4, T5, T6, T7)"
0.0,5504,4,1376.0,1280.0,1280,1664,192.0,"void at::native::<unnamed>::CatArrayBatchedCopy_alignedK_contig<at::native::<unnamed>::OpaqueType<(unsigned int)4>, unsigned int, (int)1, (int)128, (int)1, (int)16>(T1 *, at::native::<unnamed>::CatArrInputTensorMetadata<T1, T2, T4, T5>, at::native::<unnamed>::TensorSizeStride<T2, (unsigned int)4>, int, T2)"
0.0,5088,1,5088.0,5088.0,5088,5088,0.0,"void at::native::reduce_kernel<(int)512, (int)1, at::native::ReduceOp<long, at::native::func_wrapper_t<long, at::native::sum_functor<long, long, long>::operator ()(at::TensorIterator &)::[lambda(long, long) (instance 1)]>, unsigned int, long, (int)4, (int)4>>(T3)"
0.0,4833,4,1208.3,1232.0,929,1440,220.3,"void at::native::vectorized_elementwise_kernel<(int)2, at::native::FillFunctor<long>, std::array<char *, (unsigned long)1>>(int, T2, T3)"
0.0,4192,1,4192.0,4192.0,4192,4192,0.0,"void at::native::reduce_kernel<(int)512, (int)1, at::native::ReduceOp<float, at::native::MeanOps<float, float, float, float>, unsigned int, float, (int)4, (int)4>>(T3)"
0.0,4192,2,2096.0,2096.0,2080,2112,22.6,"void at::native::vectorized_elementwise_kernel<(int)4, at::native::AUnaryFunctor<float, float, bool, at::native::<unnamed>::CompareEqFunctor<float>>, std::array<char *, (unsigned long)2>>(int, T2, T3)"
0.0,4160,2,2080.0,2080.0,2080,2080,0.0,"void at::native::vectorized_elementwise_kernel<(int)4, at::native::BinaryFunctor<float, float, bool, at::native::<unnamed>::CompareEqFunctor<float>>, std::array<char *, (unsigned long)3>>(int, T2, T3)"
0.0,3904,1,3904.0,3904.0,3904,3904,0.0,"void at::native::vectorized_elementwise_kernel<(int)4, at::native::BinaryFunctor<float, float, float, at::native::binary_internal::DivFunctor<float>>, std::array<char *, (unsigned long)3>>(int, T2, T3)"
0.0,3712,2,1856.0,1856.0,1824,1888,45.3,"void at::native::vectorized_elementwise_kernel<(int)4, at::native::BinaryFunctor<bool, bool, bool, at::native::BitwiseAndFunctor<bool>>, std::array<char *, (unsigned long)3>>(int, T2, T3)"
0.0,3648,2,1824.0,1824.0,1728,1920,135.8,"void at::native::vectorized_elementwise_kernel<(int)4, at::native::BinaryFunctor<bool, bool, bool, at::native::binary_internal::MulFunctor<bool>>, std::array<char *, (unsigned long)3>>(int, T2, T3)"
0.0,2848,1,2848.0,2848.0,2848,2848,0.0,"void at::native::vectorized_elementwise_kernel<(int)4, at::native::<unnamed>::CompareFunctor<float>, std::array<char *, (unsigned long)3>>(int, T2, T3)"
0.0,2848,1,2848.0,2848.0,2848,2848,0.0,"void at::native::vectorized_elementwise_kernel<(int)4, at::native::<unnamed>::launch_clamp_scalar(at::TensorIteratorBase &, c10::Scalar, c10::Scalar, at::native::detail::ClampLimits)::[lambda() (instance 1)]::operator ()() const::[lambda() (instance 7)]::operator ()() const::[lambda(float) (instance 1)], std::array<char *, (unsigned long)2>>(int, T2, T3)"
0.0,2144,1,2144.0,2144.0,2144,2144,0.0,"void at::native::vectorized_elementwise_kernel<(int)4, void at::native::compare_scalar_kernel<float>(at::TensorIteratorBase &, at::native::<unnamed>::OpType, T1)::[lambda(float) (instance 1)], std::array<char *, (unsigned long)2>>(int, T2, T3)"
0.0,1792,1,1792.0,1792.0,1792,1792,0.0,"void at::native::vectorized_elementwise_kernel<(int)4, at::native::BinaryFunctor<bool, bool, bool, at::native::BitwiseOrFunctor<bool>>, std::array<char *, (unsigned long)3>>(int, T2, T3)"
0.0,1312,1,1312.0,1312.0,1312,1312,0.0,"void at_cuda_detail::cub::DeviceSelectSweepKernel<at_cuda_detail::cub::detail::device_select_policy_hub<long, bool, int, (bool)0, (bool)0>::Policy900, at_cuda_detail::cub::CountingInputIterator<long, long>, at_cuda_detail::cub::TransformInputIterator<bool, at::native::<unnamed>::NonZeroOp<bool>, const bool *, long>, long *, int *, at_cuda_detail::cub::ScanTileState<int, (bool)1>, at_cuda_detail::cub::NullType, at_cuda_detail::cub::NullType, int, (bool)0, (bool)0>(T2, T3, T4, T5, T6, T7, T8, T9, int, at_cuda_detail::cub::detail::vsmem_t)"
0.0,1280,1,1280.0,1280.0,1280,1280,0.0,"void at_cuda_detail::cub::DeviceReduceSingleTileKernel<at_cuda_detail::cub::DeviceReducePolicy<int, unsigned long long, cuda::std::__4::plus<void>>::Policy600, at_cuda_detail::cub::TransformInputIterator<bool, at::native::<unnamed>::NonZeroOp<bool>, const bool *, long>, int *, unsigned long long, cuda::std::__4::plus<void>, int, int, cuda::std::__4::__identity>(T2, T3, T4, T5, T6, T8)"
0.0,896,1,896.0,896.0,896,896,0.0,"void at_cuda_detail::cub::DeviceCompactInitKernel<at_cuda_detail::cub::ScanTileState<int, (bool)1>, int *>(T1, int, T2)"
